"","x"
"1",""
"2","Hasil Thailand Masters 2024: Lanny/Ribka Disingkirkan Wakil Tuan Rumah"
"3",""
"4","Mourinho Katanya sih Punya Urusan yang Belum Selesai di MU"
"5",""
"6","Isi Garasi Mahfud MD yang Mundur dari Menko Polhukam: 6 Kendaraan Nilainya Rp 1,5 M"
"7",""
"8","Pernyataan Mahfud Md Seusai Serahkan Surat Pengunduran Diri ke Jokowi"
"9",""
"10","Siapa Lagi Mundur Setelah Mahfud?"
"11",""
"12","Pelantikan Pj Kades di Rohil Panas, Bupati dan Wabup Nyaris Adu Jotos!"
"13",""
"14","Mahfud Md Mundur dari Menko Polhukam"
"15",""
"16","SEVENTEEN, BTS, (G)I-DLE, Stray Kids Raih Sertifikasi Platinum-Gold di Jepang"
"17",""
"18","Perjuangan Aipda Jasman Sejahterakan Petani Lewat Kopi Muting Merauke"
"19",""
"20","Komentar Jokowi hingga Gibran soal Mahfud Mundur dari Menko Polhukam"
"21",""
"22","Detik-detik Dua Motor Adu Banteng di Bogor, Satu Orang Tewas"
"23",""
"24","Ditanya Kabar Harun Masiku, Ini Jawaban Mahfud Md"
"25",""
"26","Mahfud Beberkan 3 Tugas Menko Polhukam dari Jokowi yang Masih Dikerjakan"
"27",""
"28","Pernyataan Mahfud Md Seusai Serahkan Surat Pengunduran Diri ke Jokowi"
"29",""
"30","Intip Usaha Dodol Keranjang Sejak 1940, Laku 5.000 Potong/Hari"
"31",""
"32","Tangis Tamara Tyasmara Pecah, Harap Penyebab Meninggal Anak Terungkap"
"33",""
"34","Karena Ester Sudah Tahu Cara Hadapi Wen Yu Zhang"
"35",""
"36","IPOMI: Masih Banyak Bus Pariwisata yang Tak Laik Jalan"
"37",""
"38","Brand Hijab Klamby Gelar Fashion Show Tema Keindahan Budaya dan Alam RI"
"39",""
"40","Rangkaian Pemeriksaan Kejiwaan Siskaeee"
"41",""
"42","Inggris Ungkap Ngerinya Laju Produksi Tank Rusia"
"43",""
"44","9 Makanan Ini Bisa Bantu Turunkan Kolesterol Tinggi Lho"
"45",""
"46","Gagal Bayar Cicilan Student Loan di AS, Apa Penyebabnya Menurut Riset?"
"47",""
"48","RI Mau Geber Investasi Migas, Ini yang Perlu Diperhatikan"
"49",""
"50","TikToker Korea Ini Sebut Durian Malaysia Lebih Enak dari Durian Thailand"
"51",""
"52","Jadwal Liga 1 Akhir Pekan Ini"
"53",""
"54","Daftar 10 Kota Paling Tidak Layak Huni di Dunia, Nomor Satu karena Perang"
"55",""
"56","Hana Hanifah Ngaku Tak Tahu yang Dipromosikan di IG Situs Judi"
"57",""
"58","Argylle: Spionase yang Ramai Tapi Kosong"
"59",""
"60","Ini yang Ditelusuri KPK dari Idrus Marham Terkait Kasus Eks Wamenkumham"
"61",""
"62","Pimpinan Ponpes di Tangerang dan Lebak Deklarasi Dukung Prabowo-Gibran"
"63",""
"64","Dukungan Rose untuk Jisoo BLACKPINK yang Sedang Syuting Film Baru"
"65",""
"66","Respons TikTok Seusai Universal Music Tarik Lagu-lagunya"
"67",""
"68","Foto: Mahfud Md Resmi Mengundurkan Diri dari Menko Polhukam"
"69",""
"70","Tips Bekendara Motor di Musim Hujan"
"71",""
"72","Knalpot Brong Bikin Warga dan Wisatawan di Bali Resah"
"73",""
"74","Barcelona Bantah Dekati Hansi Flick"
"75",""
"76","Surat Al Kahfi Ayat 1-10: Arab, Latin, Arti, Tafsir, dan Keutamaan"
"77",""
"78","Utang Kereta Cepat Whoosh dari China Cair Pekan Depan"
"79",""
"80","Bandel! 51 Motor Parkir di Trotoar Senopati Kena Operasi Cabut Pentil"
"81",""
"82","Salam Hormat Prabowo ke SBY Usai Diberi Pujian Putra Terbaik Bangsa"
"83",""
"84","Potret Momen Terakhir Mahfud Md di Kemenko Polhukam"
"85",""
"86","Sejumlah Wilayah di Depok Terkena Banjir Usai Hujan Deras Sore Tadi"
"87",""
"88","Pabrik Petasan Meledak di Filipina, 2 Orang Tewas-5 Luka Parah"
"89",""
"90","Resmi Mundur, Mahfud Ungkap Satgas BLBI Jaring Rp 35,8 T dari Obligor"
"91",""
"92","Potret Milly Alcock Pemeran Supergirl di Film Terbaru DC Universe"
"93",""
"94","Hasil Thailand Masters 2024: Lanny/Ribka Disingkirkan Wakil Tuan Rumah"
"95",""
"96","Kacau! Seorang Pria Terekam CCTV Mencuri Makanan Tetangganya"
"97",""
"98","Penjelasan Kartika Putri Usai Disindir Hedon"
"99",""
"100","Ronaldo Hadiahkan Jam Berlian Rp 1 M untuk Pacar, Disebut Mirip Jam Mainan"
"101",""
"102","Menyoal 'Jelqing', Tren Viral yang Dicoba Banyak Pria untuk Perbesar Mr P"
"103",""
"104","Bidik 1,4 Juta Nama Domain .id, Pandi Ingin Domain Lokal Merajai"
"105",""
"106","Getafe Vs Madrid: Awas Kesandung, Los Blancos"
"107",""
"108","OJK Pantau Ketat Pinjol Danacita, Ini Alasannya"
"109",""
"110","Ada Tanda Kiamat yang Muncul di Alam, Ini yang Diungkap oleh Studi"
"111",""
"112","Tips Bikin Bioskop Mini di Rumah buat Sambut Momen Hari Kasih Sayang"
"113",""
"114","Ayu Racuni Siswa MTs Pacitan Pakai Sianida agar Tak Ketahuan Mencuri"
"115",""
"116","Uni Emirat Arab Kepincut Proyek Kereta Api di Bali"
"117",""
"118","Sempat Absen, Kepala Bapanas Kembali Diperiksa KPK Terkait Korupsi SYL Besok"
"119",""
"120","Pimpinan Ponpes di Tangerang dan Lebak Deklarasi Dukung Prabowo-Gibran"
"121",""
"122","Salam Hormat Prabowo ke SBY Usai Diberi Pujian Putra Terbaik Bangsa"
"123",""
"124","Mahfud Mundur dari Menteri Jokowi, Zulhas: Kita Hormati, Itu Haknya"
"125",""
"126","Selawatan Bareng, Relawan Nderek Guru Tegaskan Dukung Prabowo-Gibran"
"127",""
"128","Keliling Bareng Gus Miftah, Zulhas Kampanyekan PAN & Prabowo-Gibran"
"129",""
"130","Mundur dari Menko Polhukam, Mahfud Yakin Kabinet Tetap Solid"
"131","pilpres 2024"
"132","debat pilpres 2024"
"133","piala asia 2023"
"134","mahfud md"
"135","kpps"
"136","Son Heung-min 'Korban' Terbaru Ali Albulayhi"
"137","Ayu Racuni Siswa MTs Pacitan Pakai Sianida agar Tak Ketahuan Mencuri"
"138","Mahfud: Pertemuan dengan Presiden Lebih dari 10 Menit, Tak Ada Ketegangan"
"139","Mahfud Md Resmi Serahkan Surat Pengunduran Diri ke Jokowi"
"140","Prabowo Ngaku Was-was Jelang Debat: Terakhir Aku Dikasih Nilai 11"
"141","Guntur: Kalau Ganjar Menang, Yang Lain Kita Apa-apain Gampang, Termasuk Jokowi"
"142","Jokowi Bawa Kertas Besar, Tunjukkan Aturan soal Presiden Boleh Kampanye"
"143","Survei LSI Denny JA: Prabowo-Gibran 50,7%, AMIN 22%, Ganjar-Mahfud 19,7%"
