"judul","tgl","isiberita","link_judul"
"Jabatan Khofifah Habis Besok, Sekda Adhy Karyono jadi Plh Gubernur Jatim","2024-02-12","Jabatan Gubernur Jatim Khofifah Indar Parawansa akan habis pada 13 Februari 2024 pukul 23.59 WIB. Sekdaprov Jatim Adhy Karyono akan menjadi pelaksana harian (Plh) Gubernur Jatim menggantikan Khofifah. Gubernur Khofifah mengatakan penunjukan Adhy Karyono menjadi Plh karena bersamaan dengan agenda Pemilu 2024. ""Dari pak Sekjen Kemendagri karena berakhirnya besok, besok lusa itu sudah masuk pada pencoblosan maka (Adhy Karyono) akan diputuskan Plh,"" kata Khofifah di Gedung Negara Grahadi, Senin (12/2/2024). 
ADVERTISEMENT
 
SCROLL TO CONTINUE WITH CONTENT
 Sementara untuk Pj Gubernur Jatim, Khofifah mengatakan akan dilantik Presiden RI pada Jumat mendatang. ""Pj insyaallah hari Jumat. Pelantikan Pj hari Jumat dan hari ini akan keluar keputusan Plh saya belum dapat fisik suratnya meskipun sudah disampaikan jadi tunggu suratnya saja,"" tutur Khofifah. ""Jadi Plh dulu tapi Plh dengan Pj insyaallah orangnya sama,"" imbuhnya. Diketahui, jabatan Khofifah Indar Parawansa-Emil Dardak akan habis pada Selasa 13 Februari pukul 23.59 WIB. Khofifah-Emil dilantik sebagai Gubernu-Wagub Jatim 2019-2024 pada 14 Februari 2019 silam.","https://www.detik.com/jatim/berita/d-7189578/jabatan-khofifah-habis-besok-sekda-adhy-karyono-jadi-plh-gubernur-jatim"
"11.942 Personel Gabungan Diterjunkan Amankan Pemilu di Banyuwangi","2024-02-12","11.942 Pasukan gabungan TNI, Polri, Pol PP dan Linmas Banyuwangi menggelar apel bersama di lapangan Taman Blambangan Banyuwangi. Para petugas gabungan bersiap mengemban tugas penting mengamankan jalannya pemungutan dan penghitungan suara pemilu 2024 yang akan digelar pada 14 - 15 Februari mendatang. Bupati Banyuwangi Ipuk Fiestiandani mengatakan kegiatan apel gelar pasukan pemungutan dan penghitungan suara tersebut merupakan kesiapan akhir dalam rangka mengamankan tahapan pemilu. Ipuk berharap para personel bisa menjalankan tugas dengan tulus dan sebaik-baiknya. ""Saya berharap para personel bekerja dengan tulus karena akan bernilai ibadah. Tugas ini tidak dapat dinilai dengan apapun,"" kata Ipuk saat memimpin apel gelar pasukan Senin (12/02) sore. 
ADVERTISEMENT
 
SCROLL TO CONTINUE WITH CONTENT
 Ipuk menyebut tahap pemungutan dan perhitungan adalah tahap paling krusial sehingga seluruh personel harus memahami tugas pokok, peta kerawanan wilayah dan mengedepankan sinergi. ""Sehingga jalannya pemilu dapat berjalan aman, nyaman, lancar tanpa adanya gangguan. Mudah-mudahan semuanya sukses,"" tegas Ipuk. Sementara itu, Kapolresta Banyuwangi Kombes Pol Nanang Hariyono mengatakan total 11.942 personel gabungan dikerahkan untuk melakukan pengamanan di Banyuwangi. Mereka terdiri dari 900 personel Polresta Banyuwangi, 367 personel Kodim 0825 Banyuwangi, 100 personel BKO Polda Jatim, 1 SST Brimob Polda Jatim, 200 personel Satpol PP, 30 petugas Dishub Banyuwangi, dan 10.000 personel Linmas. ""Para personel langsung geser ke masing-masing TPS,"" kata Nanang. Berkaca pada pemilu sebelumnya di mana banyak petugas Pemilu yang sakit dan meninggal, Nanang mengimbau kepada seluruh personel yang terlibat untuk menjaga kesehatan dan memastikan kondusifitas. ""Kami imbau personel untuk menjaga kesehatan. Kami juga mengimbau masyarakat untuk berpartisipasi dengan menggunakan hak pilihnya di TPS,"" imbaunya. Apel ini turut dihadiri sejumlah Forkopimda Banyuwangi, pejabat Kodim 0825 Banyuwangi, Lanal Banyuwangi, Kejaksaan Negeri Banyuwangi, Komisioner KPU dan Bawaslu Banyuwangi. Apel ditutup dengan doa bersama tokoh lintas agama. Diharapkan jalannya Pemilu di Banyuwangi aman lancar tanpa ada gangguan.","https://www.detik.com/jatim/berita/d-7189540/11-942-personel-gabungan-diterjunkan-amankan-pemilu-di-banyuwangi"
"Tiket Masuk Diskon 10 Persen Bagi Pengunjung yang Ikut Nyoblos","2024-02-12","Wisatawan yang ingin berkunjung ke seluruh destinasi wisata milik Jatim Park Group, Kota Batu dapat diskon 10% saat 14 Februari 2024. Namun, untuk memperoleh diskon ada beberapa persyaratan khusus yang harus dipenuhi. Manager Marketing and Public Relations, Titik S Ariyanto mengatakan, persyaratan untuk mendapat diskon 10% dengan mudah. Pengunjung cukup menunjukkan tanda tinta atau bukti jika sudah mencoblos pada saat pemilu. ""Caranya mudah, cukup dengan menunjukkan tanda tinta pada jari serta bukti coblos pada pemilu. Nanti untuk 100 pengunjung pertama di setiap theme park naungan Jawa Timur Park Group juga akan mendapat eksklusif merchandise,"" ujarnya saat dikonfirmasi, Senin (12/2/2024). 
ADVERTISEMENT
 
SCROLL TO CONTINUE WITH CONTENT
 Ia menyampaikan, diskon ini disediakan untuk 100 pengunjung pertama di setiap destinasi wisata milik Jatim Park Group. Selain itu, diskon 10% ini berlaku bagi seluruh pengunjung reguler non rombongan serta hanya dapat dibeli pada loket yang tersedia di setiap theme park. Pemberian diskon pada 14 Februari 2024 ini program kampanye bertajuk 'Coblos Dulu, Liburan Kemudian'. Tujuannya untuk mendukung program pemerintah bahwa masyarakat Indonesia masih wajib berperan serta dalam pemilu 2024. ""Tujuannya saat libur pemilu itu dikhawatirkan masyarakat lebih memilih untuk liburan daripada nyoblos. Nah kampanye ini tujuannya untuk mendukung program pemerintah bahwa masyarakat Indonesia itu masih wajib berperan serta dalam pemilu,"" ungkap Titik. Bagi wisatawan yang ingin mengetahui tentang pemilu dan demokrasi bisa mengunjungi Rumah Pintar Pemilu (RPP) Wisata Demokrasi dan Pemilu di Jatim Park 1. Wahana yang diresmikan sejak tahun 2020 ini mengkolaborasikan konsep pendidikan dan wisata demokrasi serta pemilu.","https://www.detik.com/jatim/wisata/d-7189082/tiket-masuk-diskon-10-persen-bagi-pengunjung-yang-ikut-nyoblos"
"Dituding Selingkuh, Emak-emak di Malang Tewas Dibunuh Suami","2024-02-12","Seorang ibu rumah tangga (IRT) di Malang, Jawa Timur, Dayang Santi (40) tewas dibunuh suaminya, Ditya Mukhsan Muhammad (40). Dayang Santi dan suaminya kerap cekcok gegara tudingan selingkuh. Dilansir detikJatim, Senin (12/2/2024), Kasat Reskrim Polres Malang AKP Gandha Syah Hidayat menyebut kedua suami istri ini sering cekcok. Keduanya saling menuduh selingkuh. ""Ini sama-sama mencurigai masing-masing memiliki pria idaman lain maupun wanita idaman lain karena memang riwayat dari diari korban ini melambangkan bahwa kurang akur ya,"" kata Gandha kepada wartawan, Senin (12/2). 
ADVERTISEMENT
 
SCROLL TO CONTINUE WITH CONTENT
 Gandha menyebut korban sempat menulis di diarinya jika suaminya hanya bermain handphone saat di rumah. Ditya juga disebut tak pernah mengajak istrinya ngobrol hingga kerap ketahuan membonceng perempuan lain. ""Cekcok-cekcok ini karena sering berantem karena cemburu,"" imbuhnya. Atas perbuatannya, Ditya kini telah ditetapkan sebagai tersangka usai pemeriksaan 12 saksi. Tiga di antaranya merupakan saksi ahli. ""Kami memeriksa total sejumlah 12 orang saksi, yang mana dari 12 orang saksi tersebut 3 diantaranya merupakan saksi ahli. Untuk barang bukti yang kita amankan diantaranya video milik korban serta buku diary, berisi curahan isi hati korban,"" sambungnya. Selain itu, penyidik juga telah memiliki alat bukti yang cukup untuk menetapkan Ditya sebagai tersangka. Alat bukti itu antara lain hasil rekam medis, sejumlah temuan di TKP, dan dilengkapi dengan hasil gelar perkara. ""Ada surat lebih dari satu, ahli pun kita pakai lebih dari 2, kemudian keterangan saksi kita ada 9 kemudian petunjuk pola TKP juga sudah dilakukan. Petunjuk itu bersesuaian antara keterangan saksi, keterangan ahli, barang bukti dan surat itu sendiri yaitu sesuai. Makanya kami tetapkan yang bersangkutan inisial DMM sebagai tersangka pelaku KDRT yang menyebabkan korban meninggal dunia,"" jelas dia. Atas perbuatannya, tersangka dijerat Pasal 44 ayat 1 dan ayat 3 Undang-Undang Nomor 23 Tahun 2004 tentang penghapusan dalam lingkup rumah tangga, dengan ancaman hukuman paling lama 12 tahun penjara. Diberitakan detikJatim sebelumnya, jasad Dayang Santi ditemukan di rumahnya di Perumahan Bumi Mondoroko Raya (BMR) Blok G01, Kecamatan Singosari, Kabupaten Malang, pada Rabu (24/) sekitar pukul 09.00 WIB. Jasad Dayang Santi ditemukan terkapar dengan mulut mengeluarkan busa di lantai kamar. Keterangan tetangga menyebutkan sempat mendengar cekcok. Anak korban Y (6) juga memberikan pengakuan kedua orang tuanya bertengkar dan sempat melihat ayahnya menuangkan cairan pembersih lantai ke dalam gelas. ""Saksi melihat ayahnya meminumkan cairan tersebut kepada korban dengan cara memegang pipi korban,"" ujar Gandha beberapa waktu lalu.","https://www.detik.com/jogja/berita/d-7189095/dituding-selingkuh-emak-emak-di-malang-tewas-dibunuh-suami"
"Personel di Polres Blitar Kota Dipertebal demi Antisipasi Kerawanan Pemilu","2024-02-12","Wilayah hukum Polres Blitar Kota masuk daerah rawan Pemilu 2024 berdasarkan hasil pemetaan yang dilakukan Polda Jatim. Personel tambahan diterjunkan ke wilayah hukum Polres Blitar untuk membantu pengamanan Pemilu. ""Ada 420 personel akan dilibatkan untuk mengamankan Pemilu di Wilayah Kota Blitar. Sudah termasuk BKO dari Polda Jatim 60 personel. Kemudian juga ada perbantuan dari TNI (Kodim 0808 dan Batalyon 511),"" kata Kapolres Blitar Kota AKBP Danang Setiyo PS, Senin (12/2/2024). Danang menyebutkan jumlah personel Polres Blitar Kota cukup terbatas untuk mengamankan 1.577 TPS yang masuk wilayah hukum Polres Blitar Kota. Untuk itulah perlu dilakukan penebalan atau penambahan personel dari Polda Jatim. 
ADVERTISEMENT
 
SCROLL TO CONTINUE WITH CONTENT
 ""Sebanyak 1.577 TPS yang ada di Wilkum Polres Blitar. Tiga kecamatan di Kota Blitar, dan 6 kecamatan Kabupaten Blitar. Jadi membutuhkan banyak personel,"" terangnya. Berdasarkan data yang dihimpun detikJatim, risiko kerawanan di wilayah hukum Polres Blitar Kota cukup beragam. Di antaranya ada sejumlah kecamatan dengan jumlah DPT yang sangat banyak, kemudian ada TPSyang berdekatan dengan rumah caleg sehingga rawan intervensi caleg tertentu. Danang enggan memberikan penjelasan lebih gamblang tentang potensi kerawanan itu, dia hanya memastikan bahwa masing-masing TPS punya karakteristik kerawanan berbeda. Menurutnya, diperlukan adanya antisipasi dan analisis dalam pola pengamanan di masing-masing TPS. Termasuk tindakan apa yang perlu dilakukan dan rekayasa sosial yang perlu disiapkan bila terjadi hal yang tidak diinginkan. ""Potensi kerawanan masing-masing wilayah pasti ada karakteristiknya. Yang jelas kami mengantisipasi itu,"" tegasnya. Selain itu, Kata Danang, saat ini juga telah masuk musim hujan sehingga diperlukan pengawasan dan pengamanan ekstra logistik pemilu serta lokasi TPS yang telah tersedia. ""Makanya mulai hari ini kami harapkan personel bisa langsung menuju TPS untuk pengecekan, membantu persiapan, dan memastikan TPS aman dari resiko lainnya,"" terangnya. Terpisah, Kapolres Blitar AKBP Wiwit Adisatria menyebutkan pihaknya juga sudah menyiapkan pola pengaman untuk Pemilu 2024. Meskipun wilayah Kabupaten Blitar dinyatakan daerah kurang rawan. ""Dari pola pengamanan Polri dan Polda Jatim, wilkum Blitar (Kabupaten) tidak ada wilayah rawan. Adanya TPS kurang rawan. Tapi kami tetap lakukan pengamanan,"" katanya saat dikonfirmasi detikJatim, Senin (12/2/2024). Berdasarkan data Polres Blitar jumlah personel pengamanan Pemilu mencapai 520 orang. Terdiri dari 300 personel PAM di TPS, 120 personel Dalmas dengan masing-masing rayon 1 pleton, dan 1 kompi lainnya sekitar 100 personel. Wiwit menjelaskan bahwa di wilayah hukum Polres Blitar ada sebanyak 2.396 TPS. Di antaranya terdapat sejumlah TPS yang harus mendapatkan treatment khusus. Misalnya sejumlah TPS yang rawan bencana. ""Ada beberpa TPS yang secara demografi masuk rawan bencana. Seperti di wilayah Kecamatan Doko. Tetap diantisipasi dengan pengamanan di masing-masing rayon (Polsek) 1 pleton,"" katanya. Lebih lanjut, Wiwit memastikan Polres Blitar sudah siap untuk melakukan pengaman Pemilu 2024. Pihaknya berharap Pemilu bisa berjalan lancar dan kondusif.","https://www.detik.com/jatim/berita/d-7189024/personel-di-polres-blitar-kota-dipertebal-demi-antisipasi-kerawanan-pemilu"
"Ini Instruksi Gerindra Jatim ke Seluruh Kader-Simpatisan Jelang Pemilu 2024","2024-02-12","Memasuki masa tenang Pemilu 2024, DPD Gerindra Jawa Timur menginstruksikan kepada semua jajaran kader dan simpatisan partai untuk mengawal serta menjaga suara kemenangan. Ketua DPD Gerindra Jatim Anwar Sadad mengatakan, tiga hari masa tenang merupakan momen yang krusial dalam Pemilu. Ia meminta semua kader tidak lengah. ""Jangan lengah, meski di survei capres-cawapres kita unggul, partai Gerindra juga unggul. Tiga sampai lima hari ke depan sangat krusial, jaga suara kita, jaga kemenangan kita,"" kata Anwar Sadad saat dikonfirmasi awak media, Senin (12/2/2024). 
ADVERTISEMENT
 
SCROLL TO CONTINUE WITH CONTENT
 Politikus yang akrab disapa Gus Sadad ini meminta kepada kader untuk menjaga masing-masing TPS. Selain menempatkan masing-masing minimal satu saksi per TPS, ia meminta ada kader Gerindra di setiap TPS. ""Agar suara kemenangan Gerindra, suara kemenangan Prabowo-Gibran aman. Awasi sekitar, jaga TPS dari segala potensi kecurangan,"" tegas Gus Sadad. Gus Sadad menyebut, kemenangan untuk Gerindra dan Prabowo-Gibran sudah di depan mata. Ia meminta semua kader untuk menuntaskan misi kemenangan. ""Kemenangan sudah di depan mata, semua kader tuntaskan kerja keras kita selama 4 tahun terakhir ini dengan hasil semaksimal mungkin di Pemilu 2024,"" tandas Gus Sadad.","https://www.detik.com/jatim/berita/d-7188941/ini-instruksi-gerindra-jatim-ke-seluruh-kader-simpatisan-jelang-pemilu-2024"
"Tabrak Jembatan, Pelajar SMA Tewas Terpental ke Sungai Gianyar","2024-02-12","Kecelakaan maut terjadi di jembatan gantung Jalan Bypass Ida Bagus Mantra, Ketewel, Kecamatan Sukawati, Gianyar, Bali, malam tadi. Seorang pelajar tewas setelah menabrak jembatan dan terpental ke sungai. ""Korban mengendarai motor besar, kemungkinan tidak mampu mengendalikan kecepatan motornya, oleng dan menabrak jembatan dan tewas di tempat, semalam,"" kata Kanit Laka Satlantas Polres Gianyar Ipda I Made Suarjana kepada detikBali, Senin (12/2/2024). Korban bernama Andre Reduli (17) asal Banyuwangi, Jawa Timur (Jatim). Dia adalah seorang pelajar SMA di sana. 
ADVERTISEMENT
 
SCROLL TO CONTINUE WITH CONTENT
 Suarjana mengatakan, korban meluncur dari arah barat ke timur. Setiba di lokasi, Andre diduga tak bisa mengendalikan motornya hingga menabrak pembatas jembatan. Andre lantas terpental ke sungai dari ketinggian 15 meter. Korban meninggal dunia di tempat dengan tubuh penuh luka, tangan dan kakinya patah. ""Sudah dievakuasi ke RSU Sanjiwani, Gianyar,"" pungkasnya.","https://www.detik.com/bali/berita/d-7188844/tabrak-jembatan-pelajar-sma-tewas-terpental-ke-sungai-gianyar"
"Ratusan Ribu Kendaraan Melintasi 3 Tol di Jatim Selama Long Weekend","2024-02-12","Ratusan ribu kendaraan berlalu-lalang di jalan tol Trans Jawa. Sebagian di antaranya memadati kawasan Jatim pada 7-10 Februari 2024 atau saat libur panjang (long weekend) Isra Mikraj dan Tahun Baru Imlek. VP Corporate Secretary and Legal PT Jasa Marga Trans Jawa Tol Ria Marlinda Paallo mengatakan, puncak arus lalin dari wilayah Jatim menuju sejumlah daerah terjadi pada Minggu (11/2/2024). Di antaranya di Gerbang Tol (GT) Warugunung, Kejapanan Utama, dan Singosari. ""Untuk GT Waru Gunung pada periode 7-10 Februari 2024, tercatat sebanyak 87.582 kendaraan menuju Jakarta atau naik 17,58% dari lalin normal sebanyak 74.485 kendaraan,"" kata Ria dalam keterangannya, Senin (12/2/2024). 
ADVERTISEMENT
 
SCROLL TO CONTINUE WITH CONTENT
 ""Untuk kendaraan yang menuju Surabaya melalui GT Waru Gunung tercatat sebanyak 87.004 kendaraan atau naik 17,00% dari lalin normal 74.365 kendaraan,"" imbuh dia. Pada periode yang sama, tercatat sebanyak 139.832 kendaraan menuju Malang atau naik 39,61% dari lalin normal, yakni 100.156 kendaraan. Sebaliknya, kendaraan yang menuju Surabaya tercatat sebanyak 124.871 kendaraan atau naik 24,01% dari lalin normal sebanyak 100.692 kendaraan. Lalu, pada GT Singosari tercatat sebanyak 68.391 kendaraan menuju Malang atau naik 26,25% dari lalin normal sebanyak 54.169 kendaraan. Sebaliknya, kendaraan yang menuju Surabaya tercatat sebanyak 59.561 kendaraan atau naik 27,64% dari lalin normal sebanyak 46.663 kendaraan. Secara keseluruhan, Ria menyebutkan, 156.454 kendaraan meninggalkan Jakarta melalui GT Cikampek Utama naik 37,44% jika dibandingkan lalin normal, yakni 113.834 kendaraan. Sementara, kendaraan yang menuju Jakarta mencapai 123.192 kendaraan atau naik 14,92% dari lalin normal sebanyak 107.197 kendaraan. Ria pun mengimbau pengendara untuk mempersiapkan diri sebelum memasuki perjalanan di jalan tol. Pastikan diri dan kendaraan dalam kondisi prima. ""Pastikan kecukupan BBM dan saldo uang elektronik, serta mematuhi rambu-rambu dan arahan petugas di lapangan,"" tuturnya.","https://www.detik.com/jatim/berita/d-7188832/ratusan-ribu-kendaraan-melintasi-3-tol-di-jatim-selama-long-weekend"
"Masa Tenang, PDIP Jatim Instruksikan Kader hingga Caleg Turunkan APK","2024-02-12","Sejumlah partai politik dan caleg ikut menurunkan Alat Peraga Kampanye (APK) di wilayah masing-masing selama masa tenang Pemilu 2024. Salah satunya PDI Perjuangan (PDIP) yang dengan tegas menginstruksikan kepada seluruh kader maupun simpatisannya untuk membereskan APK secara mandiri. Ketua DPD PDIP Jatim Said Abdullah menegaskan, seluruh caleg PDIP di Jatim ikut membantu Satpol PP dan Bawaslu menurunkan berbagai APK di beberapa lokasi. Said mengatakan, partisipasi aktif dari para caleg maupun anggota partai dalam menjaga kebersihan dan keteraturan APK sangat penting untuk menciptakan suasana kondusif jelang pencoblosan. ""Kita tunjukkan kepedulian kita terhadap lingkungan setempat dengan partisipasi turun ke jalan keliling. Kader PDI Perjuangan ikut membantu untuk membenahi dan membereskan seluruh Alat Peraga Kampanye yang telah terpasang di daerah masing-masing,"" jelas Said, Senin (12/2/2024). 
ADVERTISEMENT
 
SCROLL TO CONTINUE WITH CONTENT
 Selain imbauan tersebut, Said juga mengajak seluruh masyarakat Jatim turut aktif dalam pesta demokrasi 5 tahunan ini dengan menyalurkan hak pilihnya ke TPS masing-masing.""Tanggal 14 Februari saya mengajak seluruh masyarakat Jawa Timur untuk hadir ke Tempat Pemungutan Suara (TPS) masing-masing, memberikan hak pilih dan hak suaranya, serta menjadi Warga Negara Indonesia yang baik dengan memenuhi kewajibannya dalam proses demokrasi,"" kata pria yang juga menjabat sebagai Ketua Banggar DPR RI tersebut.. Diketahui, menjelang pelaksanaan Pemilu 14 Februari 2024, Indonesia memasuki masa tenang sesuai dengan ketentuan yang diatur dalam Peraturan KPU Nomor 15 Tahun 2023 tentang Kampanye Pemilihan Umum. Masa tenang ini berlangsung selama 3 hari. Mulai 11 Februari 2024 hingga H-1 Pemilu atau 13 Februari 2024. Selama masa tenang ini, seluruh peserta pemilu, termasuk calon dan pendukungnya, dilarang untuk kampanye maupun melakukan berbagai aktivitas politik yang bisa memengaruhi opini publik. Hal ini bertujuan untuk menciptakan situasi yang kondusif dan adil menjelang hari pemungutan suara, sehingga masyarakat dapat memilih secara tenang dan rasional sesuai dengan hak suara masing-masing. Simak Video 'Momen APK di Sejumlah Daerah Mulai Dibersihkan di Masa Tenang':   [Gambas:Video 20detik]","https://www.detik.com/jatim/berita/d-7188691/masa-tenang-pdip-jatim-instruksikan-kader-hingga-caleg-turunkan-apk"
"Hanya Berjarak 6 Bulan, Kasus Pemerkosaan Turis Wanita di Bali Terjadi Lagi","2024-02-12","Kasus pemerkosaan terhadap turis asing di Bali kembali terjadi. Kali ini, turis wanita asal China diperkosa oleh pemandu wisata. Ini merupakan kasus kedua dalam enam bulan terakhir. Awalnya, seorang turis wanita asal Brasil diperkosa oleh driver ojek online (ojol). Berikut rangkuman dua kasus itu: Driver Ojol Perkosa Turis Brasil Seorang turis wanita asal Brasil, GWL, menjadi korban pemerkosaan di Bali. Wisatawan itu diperkosa driver ojol saat dalam perjalan menuju vila di kawasan Jimbaran, Kuta Selatan, 7 Agustus 2023. 
ADVERTISEMENT
 
SCROLL TO CONTINUE WITH CONTENT
 ""Selama dalam perjalanan korban (GWL) terus diajak mengobrol oleh pelaku sampai tidak memperhatikan map (peta) perjalanan,"" ungkap Kabid Humas Polda Bali Kombes Jansen Avitus, Senin (7/8/2023). Driver ojol yang memerkosa wanita asal Brasil itu adalah WD. Pria asal Jember, Jawa Timur, itu berupaya memerkosa GWL dan sempat membanting turis asing itu di tanah kosong. WD mencekik leher dan menutup mulut GWL. Perempuan berusia 26 tahun itu berupaya melawan dengan memukul menggunakan botol air mineral. GWL sempat kabur, tapi WD menangkapnya dan kembali membanting tubuh wisatawan asing itu. Seusai diperkosa, WD mengantar GWL pulang ke Villa Asri Jimbaran. Polisi kemudian bergerak memburu WD. Dia ditangkap di Pasuruan, Jatim, dua hari berikutnya. Pemandu Wisata Perkosa Turis China Berselang enam bulan kemudian, kasus pemerkosaan terhadap turis wanita kembali terjadi. Kali ini, perempuan asal China, HJT, diperkosa oleh guide atau pemandu wisata bernama Faisal Akbar Ramadhan.Kasi Humas Polresta Denpasar AKP I Ketut Sukadi mengungkapkan Faisal ditangkap di sebuah hotel di kawasan Nusa Dua, Kuta Selatan, Badung, Bali. Faisal diamankan oleh sekuriti hotel dan teman korban setelah memerkosa HJT. Kemudian, peristiwa itu dilaporkan ke polisi. ""Saat ini pelaku sudah diamankan di Sat Reskrim Polresta Denpasar, sedang menjalani pemeriksaan dan penyidikan secara intensif,"" kata Sukadi dalam keterangannya, Sabtu (10/2/2024). Saat diinterogasi polisi, Faisal mengaku awalnya menawarkan diri sebagai pemandu sekaligus sopir pribadi HJT selama berwisata di Pulau Dewata. HJT dan temannya menggunakan jasa Faisal untuk mengantar dan menemani mereka ke tempat hiburan malam pada Rabu (7/2/2024). ""Mereka sempat menikmati hiburan dan minum alkohol hingga pukul 01.00 Wita. Setelah itu, korban dan temannya meminta tersangka untuk mengantar mereka kembali ke hotel di kawasan Nusa Dua,"" ungkap Sukadi. Bukannya mengantarkan turis China itu ke hotel tempat mereka menginap, Faisal justru membawa mereka ke hotel lain di kawasan Benoa. Faisal lantas mengajak HJT masuk ke kamar hotel tersebut dengan alasan mengambil hadiah untuk diberikan kepada temannya. Saat itulah Faisal melancarkan niat bejatnya dan memerkosa perempuan China berusia 26 tahun tersebut. Menurut Sukadi, HJT yang dalam kondisi mabuk sempat berusaha menyelamatkan diri. Tapi, upaya tersebut gagal. ""Korban berusaha melakukan perlawanan dengan pelaku, tetapi pelaku menutup wajah korban dengan bantal dan menyetubuhi korban,"" imbuh Sukadi. Kini, Faisal dijerat Pasal 285 KUHP tentang pemerkosaan. Ia terancam hukuman penjara maksimal 12 tahun.","https://www.detik.com/bali/hukum-dan-kriminal/d-7188359/hanya-berjarak-6-bulan-kasus-pemerkosaan-turis-wanita-di-bali-terjadi-lagi"
"Sebagian Besar Daerah di Jatim Diprediksi Hujan Ringan Senin 12 Februari 2024","2024-02-12","Sebagian besar wilayah Jatim diprediksi hujan ringan di hari Senin 12 Februari 2024. Namun ada sebagian yang dilanda hujan lebat. Puncak suhu tertinggi berada di Kota Gresik dan Kota Surabaya yang mencapai hingga 34 derajat celsius. BMKG sendiri mengimbau kepada masyarakat yang tinggal di daerah yang diprediksi hujan lebat agar waspada terhadap petir dan angin kencang sesaat. Informasi cuaca lebih detil untuk tiap-tiap daerah di Jatim dapat dilihat di bawah berikut ini. 
ADVERTISEMENT
 
SCROLL TO CONTINUE WITH CONTENT
 1. Bangkalan Cuaca: Pagi (Cerah berawan) Siang (Hujan ringan) Malam (Hujan ringan) Dini hari (Berawan) Suhu: 25-32 derajat celsius  2. Banyuwangi Cuaca: Pagi (Cerah berawan) Siang (Hujan lebat) Malam (Berawan) Dini hari (Cerah berawan) Suhu: 24-32 derajat celsius  3. Batu Cuaca: Pagi (Cerah berawan) Siang (Hujan ringan) Malam (Hujan ringan) Dini hari (Berawan) Suhu: 17-29 derajat celsius  4. Bojonegoro Cuaca: Pagi (Berawan) Siang (Hujan ringan) Malam (Cerah berawan) Dini hari (Cerah berawan) Suhu: 24-32 derajat celsius  5. Bondowoso Cuaca: Pagi (Cerah berawan) Siang (Hujan lebat) Malam (Berawan) Dini hari (Cerah berawan) Suhu: 23-28 derajat celsius  6. Gresik Cuaca: Pagi (Berawan) Siang (Cerah berawan) Malam (Hujan ringan) Dini hari (Cerah berawan) Suhu: 25-34 derajat celsius  7. Jember Cuaca: Pagi (Berawan) Siang (Hujan ringan) Malam (Berawan) Dini hari (Berawan) Suhu: 22-31 derajat celsius  8. Jombang Cuaca: Pagi (Berawan) Siang (Hujan ringan) Malam (Hujan ringan) Dini hari (Berawan) Suhu: 23-32 derajat celsius  9. Kabupaten Blitar Cuaca: Pagi (Cerah berawan) Siang (Cerah berawan) Malam (Cerah berawan) Dini hari (Berawan) Suhu: 23-31 derajat celsius  10. Kabupaten Kediri Cuaca: Pagi (Berawan) Siang (Hujan ringan) Malam (Berawan) Dini hari (Berawan) Suhu: 23-32 derajat celsius  11. Kabupaten Madiun Cuaca: Pagi (Cerah berawan) Siang (Hujan ringan) Malam (Cerah berawan) Dini hari (Berawan) Suhu: 23-32 derajat celsius  12. Kabupaten Malang Cuaca: Pagi (Cerah berawan) Siang (Cerah berawan) Malam (Berawan) Dini hari (Berawan) Suhu: 20-31 derajat celsius  13. Kabupaten Mojokerto Cuaca: Pagi (Cerah berawan) Siang (Hujan lebat) Malam (Berawan) Dini hari (Cerah berawan) Suhu: 22-30 derajat celsius  14. Kabupaten Pasuruan Cuaca: Pagi (Cerah berawan) Siang (Hujan ringan) Malam (Berawan) Dini hari (Cerah berawan) Suhu: 23-30 derajat celsius  15. Kabupaten Probolinggo Cuaca: Pagi (Cerah berawan) Siang (Hujan lebat) Malam (Hujan ringan) Dini hari (Berawan) Suhu: 22-31 derajat celsius  16. Kota Blitar Cuaca: Pagi (Berawan) Siang (Hujan ringan) Malam (Cerah berawan) Dini hari (Berawan) Suhu: 23-31 derajat celsius  17. Kota Kediri Cuaca: Pagi (Berawan) Siang (Hujan ringan) Malam (Hujan ringan) Dini hari (Cerah berawan) Suhu: 23-33 derajat celsius  18. Kota Madiun Cuaca: Pagi (Cerah berawan) Siang (Cerah berawan) Malam (Cerah berawan) Dini hari (Cerah berawan) Suhu: 23-32 derajat celsius  19. Kota Malang Cuaca: Pagi (Cerah berawan) Siang (Hujan ringan) Malam (Berawan) Dini hari (Berawan) Suhu: 20-31 derajat celsius  20. Kota Mojokerto Cuaca: Pagi (Cerah berawan) Siang (Hujan ringan) Malam (Cerah berawan) Dini hari (Cerah berawan) Suhu: 24-32 derajat celsius  21. Kota Pasuruan Cuaca: Pagi (Cerah berawan) Siang (Hujan ringan) Malam (Hujan ringan) Dini hari (Cerah berawan) Suhu: 24-31 derajat celsius  22. Kota Probolinggo Cuaca: Pagi (Cerah berawan) Siang (Hujan petir) Malam (Hujan ringan) Dini hari (Berawan) Suhu: 25-31 derajat celsius  23. Lamongan Cuaca: Pagi (Berawan) Siang (Hujan ringan) Malam (Hujan ringan) Dini hari (Cerah berawan) Suhu: 24-32 derajat celsius  24. Lumajang Cuaca: Pagi (Berawan) Siang (Hujan ringan) Malam (Berawan) Dini hari (Berawan) Suhu: 23-31 derajat celsius  25. Magetan Cuaca: Pagi (Cerah berawan) Siang (Hujan petir) Malam (Hujan petir) Dini hari (Cerah berawan) Suhu: 23-29 derajat celsius  26. Nganjuk Cuaca: Pagi (Berawan) Siang (Hujan ringan) Malam (Berawan) Dini hari (Kabut) Suhu: 23-30 derajat celsius  27. Ngawi Cuaca: Pagi (Berawan) Siang (Hujan ringan) Malam (Berawan) Dini hari (Cerah berawan) Suhu: 24-30 derajat celsius  28. Pacitan Cuaca: Pagi (Hujan ringan) Siang (Cerah berawan) Malam (Cerah berawan) Dini hari (Cerah berawan) Suhu: 23-32 derajat celsius  29. Pamekasan Cuaca: Pagi (Berawan) Siang (Hujan ringan) Malam (Berawan) Dini hari (Berawan) Suhu: 24-32 derajat celsius  30. Ponorogo Cuaca: Pagi (Cerah berawan) Siang (Hujan petir) Malam (Cerah berawan) Dini hari (Cerah berawan) Suhu: 24-30 derajat celsius  31. Sampang Cuaca: Pagi (Cerah berawan) Siang (Cerah berawan) Malam (Cerah berawan) Dini hari (Cerah berawan) Suhu: 24-32 derajat celsius  32. Sidoarjo Cuaca: Pagi (Cerah berawan) Siang (Berawal tebal) Malam (Hujan ringan) Dini hari (Berawan) Suhu: 24-33 derajat celsius  33. Situbondo Cuaca: Pagi (Cerah berawan) Siang (Hujan lebat) Malam (Hujan ringan) Dini hari (Cerah berawan) Suhu: 23-31 derajat celsius  34. Sumenep Cuaca: Pagi (Cerah berawan) Siang (Hujan petir) Malam (Berawan) Dini hari (Cerah berawan) Suhu: 24-33 derajat celsius  35. Surabaya Cuaca: Pagi (Berawan) Siang (Hujan ringan) Malam (Berawan) Dini hari (Cerah berawan) Suhu: 24-34 derajat celsius  36. Trenggalek Cuaca: Pagi (Cerah berawan) Siang (Hujan ringan) Malam (Hujan ringan) Dini hari (Cerah berawan) Suhu: 22-30 derajat celsius  37. Tuban Cuaca: Pagi (Cerah berawan) Siang (Hujan ringan) Malam (Cerah berawan) Dini hari (Berawan) Suhu: 23-32 derajat celsius 38. Tulungagung Cuaca: Pagi (Kabut) Siang (Hujan ringan) Malam (Berawan) Dini hari (Kabut) Suhu: 23-30 derajat celsius","https://www.detik.com/jatim/berita/d-7188145/sebagian-besar-daerah-di-jatim-diprediksi-hujan-ringan-senin-12-februari-2024"
"Kasus Pemerkosaan Turis Wanita di Bali Terjadi Lagi dan Lagi","2024-02-12","Kasus pemerkosaan terhadap turis wanita di Bali terjadi lagi. Kali ini, pelakunya pemandu wisata dan korbannya turis China. Ini adalah kasus kedua yang terjadi di Bali. Masih segar dalam ingatan, beberapa bulan lalu, tepatnya pada bulan Agustus 2023, seorang turis Brasil diperkosa oleh driver ojol di Bali. Peristiwa pemerkosaan itu terjadi di sepetak tanah kosong Jalan Nyang-nyang, Kelurahan Jimbaran, Kecamatan Kuta Selatan, Kabupaten Badung. Peristiwa memilukan itu terjadi pada rentang waktu pukul 04.00 hingga 05.00 Wita, Senin (7/8/2023). 
ADVERTISEMENT
 
SCROLL TO CONTINUE WITH CONTENT
 Pelaku adalah laki-laki berinisial WD asal Kecamatan Bangsalsari, Kabupaten Jember, Jawa Timur (Jatim). Adapun korban pemerkosaan itu yakni turis perempuan asal Brasil berinisial GWL (26). ""Korban merupakan wisatawan asal Brasil yang berlibur ke Bali dan menginap di salah satu vila di daerah Jimbaran,"" ungkap Kepala Bidang Hubungan Masyarakat (Kabid Humas) Polda Bali, Kombes Jansen Avitus Panjaitan. Jansen menjelaskan, GWL memesan ojol dari Puri Kelapa Quest By Bukit Villa dengan tujuan Villa Asri Jimbaran. Pesanan tersebut diambil oleh WD. ""Selama dalam perjalanan korban (GWL) terus diajak mengobrol oleh pelaku sampai tidak memperhatikan map (peta) perjalanan,"" tutur Jansen. Sesampainya di sebuah tanah kosong, WD membelokkan motornya dan menyuruh GWL turun. Pria itu kemudian berupaya memerkosa GWL dan sempat membanting turis asing itu. Bahkan, WD sempat mencekik leher dan menutup mulut GWL. Perempuan berusia 26 tahun itu berupaya melawan dengan cara memukul WD menggunakan botol air mineral. GWL sempat kabur, tapi WD menangkapnya dan kembali membanting tubuh turis Brasil itu. Seusai diperkosa, pria pendatang dari luar Bali itu mengantar GWL pulang ke Villa Asri Jimbaran. 5 Bulan berselang, tepatnya di bulan Februari ini, turis asing kembali diperkosa di Bali. Kali ini, korbannya adalah seorang turis China berinisial HJT. Pelakunya, bukan driver ojol lagi, melainkan seorang pemandu wisata bernama Faisal Akbar Ramadhan, pria pendatang berusia 29 tahun dari Surabaya. Faisal ditangkap di sebuah hotel di kawasan Nusa Dua, Kuta Selatan, Badung, Bali. Fajar diamankan oleh sekuriti hotel dan teman korban setelah ketahuan memperkosa turis perempuan asal China itu. Kasus tersebut kemudian dilaporkan ke polisi. Kepala Seksi Hubungan Masyarakat (Kasi Humas) Polresta Denpasar, AKP I Ketut Sukadi mengatakan, pelaku saat ini sudah diamankan di Sat Reskrim Polresta Denpasar. Saat diinterogasi polisi, pria pendatang itu mengaku menawarkan diri sebagai pemandu wisata, sekaligus sopir pribadi HJT selama liburan di Pulau Dewata. HJT dan temannya pun sepakat menggunakan jasa Faisal untuk mengantarkan dan menemani mereka menuju ke sebuah tempat hiburan malam pada Rabu (7/2/2024). ""Mereka sempat menikmati hiburan dan minum alkohol hingga pukul 01.00 Wita. Setelah itu, korban dan temannya meminta tersangka untuk mengantar mereka kembali ke hotel di kawasan Nusa Dua,"" ungkap Sukadi. Bukannya mengantarkan turis China itu kembali ke hotel tempatnya menginap, Faisal justru membawa mereka ke hotel lain di kawasan Benoa. Faisal lantas mengajak HJT masuk ke kamar hotel tersebut dengan alasan mengambil hadiah untuk temannya. Setelah itu, Faisal kemudian memuaskan nafsu bejatnya dan memerkosa turis China berusia 26 tahun tersebut.  Simak Video 'Ojol Pemerkosa Turis Brasil di Bali Ditangkap di Pasuruan':  [Gambas:Video 20detik]  Saksikan juga SOSOK pilihan minggu ini: Menilik Dapur Musik Vandra  [Gambas:Video 20detik]","https://travel.detik.com/travel-news/d-7188122/kasus-pemerkosaan-turis-wanita-di-bali-terjadi-lagi-dan-lagi"
"Optimisme Jatim Bisa Pertahankan Gelar Juara Umum MTQ","2024-02-12","Sekdaprov Jatim Adhy Karyono membuka seleksi calon peserta Musabaqah Tilawatil Qur'an (MTQ) XXX Tingkat Nasional yang dilaksanakan di Harris Hotel and Convention Malang, Minggu (11/2). Seleksi ini dibagi menjadi dua tahap. Tahap pertama dilakukan pada 11-13 Februari. Sedangkan tahap kedua berlangsung setelah Pemilu, yakni 15-17 Februari 2024. Dalam kesempatan tersebut, sekdaprov yang akrab disapa Adhy itu mengatakan bahwa Jawa Timur optimis dapat kembali membawa pulang gelar juara umum. Terlebih setelah Jatim memenangkannya pada MTQ Nasional XXIX Tahun 2022 lalu di Provinsi Kalimantan Selatan. 
ADVERTISEMENT
 
SCROLL TO CONTINUE WITH CONTENT
 ""Pesan Bu Gubernur dulu saat 2022 adalah kalau berdoa, minta yang terbaik. Alhamdulillah kita langsung juara umum. Tahun ini, tugas kita adalah mempertahankannya. Maka kita start dengan optimis bisa menang lagi,"" katanya. Meski begitu, Adhy menegaskan untuk mencapai target ini, dibutuhkan sinergitas dan kolaborasi matang dari semua pihak terkait. Tak hanya itu, perencanaan baik juga harus dilakukan. ""Ini akan kami perlakukan sama dengan kompetisi penting lainnya seperti PON. Jadi persiapan dan manajemennya harus lebih profesional dan mengarah ke lebih baik,"" katanya. ""Selain itu, kita butuh seleksi yang ketat, pembinaan yang kuat, dan doa dari pemerintah, orang tua maupun para kyai. Insya Allah ikhtiar diiringi doa sama-sama memberikan hasil yang dahsyat,"" lanjut Adhy. Lebih lanjut Adhy menjelaskan bahwa seleksi MTQ ini menjadi bagian dari usaha peningkatan Indeks Kesalehan Sosial (IKS) Jawa Timur. Di mana, pada 2022, IKS mencapai 72,03 dari skala 0-100. ""Untuk dari pemerintah sendiri kami support sepenuhnya. Apa yang dibutuhkan, mulai dari anggaran dan pembinaan intens insya Allah akan kami usahakan semaksimal mungkin,"" pungkas Adhy. Tahap pertama ini sendiri diikuti oleh 99 putra-putri terbaik Jawa Timur, dengan rincian 49 laki-laki dan 50 perempuan. Pemenang dari seleksi ini nantinya akan mewakili Jawa Timur dalam MTQ Nasional XXX 2024 yang rencananya dilaksanakan di Kota Samarinda, Kalimantan Timur pada September mendatang. Terdapat 7 cabang yang akan dikompetisikan baik untuk regu putra maupun putri. Yaitu Seni Baca Al-Qur'an, Qiraatul Qur'an, Hafalan Al-Qur'an, Tafsir Al-Qur'an, Fahmil Qur'an, Syarhil Qur'an, serta Seni Baca Al-Qur'an.","https://www.detik.com/jatim/berita/d-7188148/optimisme-jatim-bisa-pertahankan-gelar-juara-umum-mtq"
"Khofifah Serahkan PLTS Atap ke Puluhan Ponpes-UMKM se-Jatim di Probolinggo","2024-02-12","Gubernur Jawa Timur (Jatim) Khofifah Indar Parawansa menyerahkan bantuan Pembangkit Listrik Tenaga Surya (PLTS) atap kepada Pimpinan Pondok Pesantren (Ponpes) se-Jatim dan pelaku Usaha Mikro Kecil Menengah (UMKM). Penyerahan bantuan digelar di Probolinggo. Seremoni penyerahan bantuan itu dilaksanakan di Pelabuhan Perikanan Mayangan (PPM), Kelurahan/Kecamatan Mayangan, Kota Probolinggo pada Minggu (11/2/2024) malam. Penyerahan secara simbolis itu ditandai penekanan tombol sirene dan saklar oleh Gubernur Khofifah. ""Penyerahan ini untuk memaksimalkan apa yang menjadi mandat. Kebetulan ada PLTS yang belum diserahkan, oleh karena itu malam ini kami serahkan. Ada ponpes, UMKM, dan perkantoran pemerintah,"" kata Gubernur Khofifah. 
ADVERTISEMENT
 
SCROLL TO CONTINUE WITH CONTENT
 Menuju 2060, kata Khofifah, ada proses dan tahapan yang harus dilakukan bersama berkaitan pengalihan energi fosil ke nonfosil yang sudah mulai dilakukan di sejumlah tempat. ""Oleh karena itu di tahun 2019 kami melahirkan Perda Rued (Rencana Umum Energi Daerah,red) Jawa Timur. Ini yang kami coba ukur sampai di mana kita bisa mencapai dan melampaui target Perda Rued itu 6,55% dan pada 2023 mencapai 9,37 persen,"" pungkasnya. Bantuan PLTS Atap 1 KWP itu diserahkan kepada UMKM Dapoer Oethi, Kota Probolinggo, PLTS Atap 1 KWP kepada UMKM Konveksi Cumang, Kota Probolinggo, PLTS Atap 1 KWP kepada UMKM Konveksi CV Hirma, Kota Probolinggo Kemudian PLTS Atap 1 KWP kepada UMKM UD. Nusa Sari, Kota Probolinggo, PLTS Atap 25 KWP kepada Kantor UPT PPP Mayangan Kota Probolinggo, PLTS Atap 1 KWP kepada Pondok Pesantren Tanfidzul Quran Kyai Said, Kabupaten Gresik. Lalu PLTS Atap 1 KWP kepada Pondok Pesantren Maslahatul Ikhwan, Kabupaten Jember, PLTS Atap 5 KWP kepada Pondok Pesantren Darul Ulum Banyu Anyar, Kabupaten Pamekasan, PLTS Atap 5 KWP ke Pondok Pesantren Sunan Ampel, Kabupaten Banyuwangi. PLTS Atap 5 KWP kepada Pondok Pesantren Al Islami Assalafi Gedongsari, Kabupaten Nganjuk, PLTS Atap 5 KWP kepada Pondok Pesantren Nurul Hakim, Masjid Nur Hasan, Kabupaten Kediri, PLTS Atap 5 KWP kepada Pondok Pesantren Mambaul Ulum, Kabupaten Malang PLTS Atap 5 KWP kepada Pondok Pesantren Al Hidayah, Kota Batu, PLTS Atap 5 KWP kepada Pondok Pesantren Ngalah, Yayasan Darut Taqwa, Kabupaten Pasuruan, PLTS Atap 5 KWP kepada Yayasan Tarbiyah Islam, Kabupaten Pasuruan. PLTS Atap 5 KWP kepada Pondok Pesantren Al Amin Putri, Kota Mojokerto, PLTS Atap 5 KWP kepada Pondok Pesantren Nurul Qadim, Kabupaten Probolinggo, PLTS Atap 5 KWP kepada Yayasan Amanatul Al Munawwar, Kabupaten Bojonegoro. PLTS Atap 5 KWP kepada Pondok Pesantren Al Rosyid, Kabupaten Bojonegoro, PLTS Atap 5 KWP kepada Pondok Pesantren Al Falah, Kabupaten Kediri, PLTS Atap 10 KWP kepada Pondok Pesantren Nazhatut Thullab, Kabupaten Sampang. PLTS Atap 10 KWP kepada Pondok Pesantren Modern Al Fatimah, Kabupaten Bojonegoro, PLTS Atap 10 KWP kepada Pondok Pesantren Al Amin, Kota Kediri, PLTS Atap 10 KWP kepada Pondok Pesantren Putri Salafiyah 2, Kabupaten Pasuruan Terakhir, PLTS Atap 10 KWP ke Pondok Pesantren Al Rifaie 1, Kabupaten Malang, PLTS Atap 10 KWP kepada Pondok Pesantren Al Amin Japan Sooko, Kabupaten Mojokerto, PLTS SHS sebesar 74 Unit kepada Kelompok Masyarakat Sumber Urip Kabupaten Pasuruan.","https://www.detik.com/jatim/berita/d-7188149/khofifah-serahkan-plts-atap-ke-puluhan-ponpes-umkm-se-jatim-di-probolinggo"
"Banyuwangi Borong 2 Penghargaan di Sapa Insan Budaya dan Pariwisata","2024-02-12","Anjang Sapa Insan Budaya dan Pariwisata Jawa Timur menjadi ajang unjuk kebolehan kinerja pemerintah daerah di bidang budaya dan pariwisata. Dalam ajang ini, Banyuwangi berhasil memborong dua penghargaan dari Pemprov Jawa Timur. Penghargaan itu adalah Kepala Daerah Pendukung Kebudayaan Terbaik serta penghargaan atas terpilihnya Festival Gandrung Sewu dan Banyuwangi Ethno Carnival sebagai bagian dari Karisma Event Nusantara (KEN). Kegiatan Sapa Insan Budaya dan Pariwisata Jawa Timur berlangsung meriah di gedung Graha Wisata Dinas Kebudayaan dan Pariwisata Provinsi Jawa Timur Rabu (7/2) malam. Penghargaan diserahkan langsung oleh Gubernur Jawa Timur Khofifah Indar Parawansa dan diterima oleh sekretaris Daerah Mudjiono . 
ADVERTISEMENT
 
SCROLL TO CONTINUE WITH CONTENT
 ""Kami berterima kasih kepada Pemprov Jatim yang telah mengapresiasi Banyuwangi atas upaya melestarikan dan mengembangkan budaya dan pariwisata daerah,"" ujar Bupati Ipuk Fiestiandani, Minggu (11/2/2024). Bupati Ipuk menegaskan pemerintah daerah terus berkomitmen untuk melestarikan dan mengembangkan seni dan budaya lokal. Dengan memfasilitasi melalui berbagai event, melakukan regenerasi hingga menjadikannya sebagai kekuatan utama dalam mengangkat pariwisata daerah. ""Sebagaimana Festival Gandrung Sewu dan Banyuwangi Ethno Carnival yang sejak 2023 masuk agenda KEN, keduanya berawal dari upaya untuk bisa melestarikan sekaligus mengenalkan seni budaya lokal pada publik luas. Kami bersyukur upaya tersebut berbuah positif,"" ujar Bupati Ipuk. Sekretaris Kabupaten Mujiono menambahkan kedua penghargaan tersebut diberikan kepada kepala daerah yang peduli pada kearifan lokal, terutama pada pelaku seni dan budaya di Jatim. Penghargaan sebagai Kepala Daerah Pendukung Kebudayaan Terbaik didapat lantaran Bupati dinilai memiliki komitmen dan konsisten pada pelestarian seni dan budaya di Bumi Blambangan. ""Salah satunya memberikan wadah aktualisasi dan regenerasi melalui agenda Banyuwangi Festival yang mengakomodir banyak event seni budaya serta melibatkan generasi muda sebagai talent-talent baru,"" ujar Mujiono. Sementara itu, berkenaan dengan Gandrung Sewu dan BEC, selain masuk KEN 2024, event ini juga mendapat poin plus dari Pemprov Jatim. Sebab, event ini menumbuhkan kebanggaan masyarakat akan seni-budaya daerah. ""Bukan hanya peserta, tetapi ibu-bapak, kakek-nenek, hingga saudara-saudara para siswa yang tampil pada ajang Gandrung Sewu juga turut bangga. Sedangkan siswa yang tampil juga mendapat sertifikat yang bermanfaat menambah poin saat siswa tersebut mendaftar ke jenjang pendidikan lebih tinggi,"" pungkas Mujiono.","https://www.detik.com/jatim/budaya/d-7188134/banyuwangi-borong-2-penghargaan-di-sapa-insan-budaya-dan-pariwisata"
"Jelang Pemilu, Pertamina Jamin Stok BBM Bisa Penuhi Kebutuhan Warga","2024-02-11","Jelang Pemilihan Umum 2024, Pertamina memastikan pasokan bahan bakar minyak (BBM) dan LPG di sejumlah wilayah tetap aman dan bisa memenuhi kebutuhan konsumen. Seperti yang dilakukan oleh PT Pertamina Patra Niaga Regional Jawa Bagian Tengah. Area Manager Comm, Rel & CSR Pertamina Patra Niaga Regional Jawa Bagian Tengah, Brasto Galih Nugroho, Minggu (11/2). ""Perantau yang akan kembali ke kampung halaman untuk menggunakan hak pilihnya diprediksi akan memberikan kontribusi kenaikan konsumsi BBM +4% untuk produk gasoline dan +3% untuk produk gasoil dari rata rata konsumsi harian normal,"" ungkap Brasto dalam siaran pers, Minggu (11/2/2024). 
    ADVERTISEMENT
   
    SCROLL TO CONTINUE WITH CONTENT
   Rata-rata harian konsumsi normal di wilayah Jawa Tengah dan DIY adalah 12.789 Kiloliter/hari untuk BBM gasoline (Pertalite dan Pertamax Series) dan 19.455 Kiloliter/hari untuk BBM gasoil (Biosolar dan Dex Series). Lebih lanjut, Brasto juga menjelaskan bahwa Pertamina terus memastikan dan melakukan monitoring secara rutin agar pasokan serta distribusi BBM dan LPG dalam kondisi aman dan tercukupi. ""Hari Libur saat Pemilu, tentunya akan memberikan peningkatan konsumsi LPG dengan estimasi +1,1% kenaikan konsumsi LPG di wilayah Jateng dan DIY dari 4.667 metric ton/hari naik menjadi 4.718 metric ton/hari,"" terang Brasto. Beberapa wilayah yang diprediksi akan mengalami peningkatan signifikan juga telah diantisipasi dengan menyiagakan build up stock selama pesta demokrasi ini dengan waktu operasional yang diperpanjang dengan menugaskan SPBU, Agen dan Pangkalan LPG siaga 24 jam di titik titik yang telah ditunjuk oleh Pertamina. Stok LPG di Pantura-Madura Pertamina Patra Niaga Regional Jatimbalinus pada tanggal (10/2) menambah pasokan LPG 3kg di tingkat agen dan pangkalan untuk Kabupaten/Kota di Pantura - Madura Jawa Timur sejumlah 969 metrik ton (MT) atau sebesar 47,7% dari konsumsi normal harian sebesar 2.031 MT. Selain itu, penambahan dilakukan untuk Kabupaten Bondowoso, Jember dan Lumajang total sebesar 124 MT atau sebesar 8,1% dibanding konsumsi normal harian pada 3 kabupaten tersebut. Area Manager Comm, Rel & CSR Ahad Rahedi mengatakan penambahan pada kota/kabupaten tertentu di Jawa Timur berdasarkan proyeksi kenaikan konsumsi dan pemantauan konsumsi beberapa pekan terakhir. ""Kabupaten/Kota lainnya yang tidak ada penambahan stoknya dirasa cukup melihat tidak ada kenaikan konsumsi yang cukup berarti selama beberapa hari libur tanggal merah ini dan stok di agen dan pangkalan daerah tersebut dalam kondisi mampu memenuhi kebutuhan beberapa hari kedepan,"" ujar Ahad Ahad menegaskan stok LPG di Jawa Timur dalam kondisi sangat aman. ""Jumlah diatas adalah extra dropping untuk Agen / Pangkalan. Sedangkan untuk Jatim dinaungi oleh 3 Storage LPG Utama yakni Surabaya, Gresik dan Banyuwangi total ketiganya mencapai 15.372 MT dengan konsumsi rata-rata harian sebesar 4.035 metrik ton / hari,"" imbuhnya. Untuk BBM, Jelang Pemilu ini tidak ada kenaikan konsumsi signifikan, namun demikian Pertamina tetap mempertebal stok untuk seluruh SPBU se-Jatimbalinus sebesar 2% untuk gasoline (bensin) dan 3% untuk Gasoil (diesel) karena berdasarkan proyeksi kenaikan konsumsi tidak terlalu signifikan yakni 0,9% untuk gasoline dan 1,3% untuk gasoil. ""Masyarakat kami himbau untuk membeli LPG 3kg di Pangkalan Resmi Pertamina menggunakan KTP mengikuti Edaran Pemerintah demi mensukseskan program Subsidi Tepat LPG 3kg. Agar kondisi penyebab kelangkaan bisa diminimalisir. Untuk BBM, kami himbau untuk transaksi cashless di SPBU agar mempercepat antrian dan guna menambah kenyamanan kami sediakan beragam promo menarik melalui aplikasi MyPertamina,"" pungkas Ahad. Senada dengan hal ini, Vice President Corporate Communication PT Pertamina (Persero), Fadjar Djoko Santoso menjelaskan bahwa pasokan BBM, Avtur dan LPG secara nasional sangat mencukupi dan aman untuk memenuhi kebutuhan masyarakat di masa liburan dan jelang Pemilu 2024. ""Pertamina berkomitmen memberikan layanan penuh dengan menyiagakan seluruh sarana dan fasilitasnya untuk melayani kebutuhan energi masyarakat,"" ujar Fadjar.","https://finance.detik.com/energi/d-7187972/jelang-pemilu-pertamina-jamin-stok-bbm-bisa-penuhi-kebutuhan-warga"
"5 Kecamatan di Sampang Masuk Daerah Sangat Rawan Pemilu 2024, Mana Saja?","2024-02-11","Polres Sampang menerima 560 personel BKO dari Polda Jatim. Jumlah personel yang diperbantukan tersebut merupakan jumlah personel terbanyak dibandingkan wilayah lainnya di Jatim. Kapolres Sampang AKBP Siswantoro membenarkan adanya penebalan pengamanan untuk Sampang. Menurut Siswantoro, Sampang menjadi daerah dengan tingkat kerawanan yang cukup tinggi. ""Untuk BKO Polda Jatim 560 personel ditambah BKO Brimob 5 peleton, ditambah dengan 8 unit K-9. Ini dilakukan melihat potensi keamanan masing-masing wilayah,"" ujar Siswantoro usai memimpin apel di Mapolres Sampang, Minggu (11/2/2024). 
ADVERTISEMENT
 
SCROLL TO CONTINUE WITH CONTENT
 Siswantoro menegaskan penempatan posisi petugas Polri adalah di luar tempat pemungutan suara (TPS). Polisi akan dibantu oleh petugas ketertiban yang ditunjuk oleh KPPS serta pengawas TPS. ""Kami sudah klasifikasikan sejumlah daerah yang rawan. Itu kami sampaikan ke Polda Jatim untuk memback up semua TPS yang rawan,"" kata Siswantoro. ""Besok juga akan menggeser 359 personil BKO Polres Sampang ke 14 kecamatan di Sampang,"" imbuh Siswantoro. Siswantoro juga menyampaikan kehadiran personel BKO Polda Jatim diharapkan mampu mengamankan terlaksananya pemilu 2024. ""Kami meminta dalam menjalankan tugas untuk selalu menjaga harkat dan marwah Kepolisian Republik Indonesia dengan menunjukkan profesionalisme dan netralitas,"" tandas Siswantoro. Sementara itu, Kabag Ops Polres Sampang Kompol Sujono mengatakan kategori daerah rawan di Sampang mengacu pada kejadian pemilu sebelumnya yakni tahun 2019. Dari 14 kecamatan di Sampang terdapat 5 kecamatan dengan tingkat kerawanan sangat rawan. ""Berdasarkan kejadian pada pemilu 2019 terdapat 5 kecamatan yang tingkat kerawanan pemilunya sangat tinggi,"" kata Sujono Wilayah yang mencatatkan kejadian kerawanan tinggi tersebut di antaranya di Kecamatan Tambelangan karena ada pembakaran Mapolsek. Sedangkan di Kecamatan Banyuates pernah terjadi konflik perebutan suara hingga penembakan salah satu TPS. Di Robatal karena surat suara dibawa kabur. ""5 Kecamatan itu adalah Tambelangan, Banyuates, Robatal, Kedundung, dan Kota Sampang,"" ungkap Sujono. Sujono menjelaskan pola pengamanan yang akan diterapkan di 2.726 TPS di Sampang menyesuaikan dengan situasi dan kondisi kerawanan. Untuk TPS kurang rawan, 1 personel polisi akan melaksanakan pengamanan di 10 TPS. ""Pola kedua TPS rawan, 1 personel polisi akan melaksanakan pengamanan 1 TPS. Dan untuk TPS sangat rawan, setiap TPS akan dijaga 2 personel polisi,"" jelasnya.","https://www.detik.com/jatim/berita/d-7188098/5-kecamatan-di-sampang-masuk-daerah-sangat-rawan-pemilu-2024-mana-saja"
"Bubaran Haul Akbar di Surabaya Sempat Macetkan Suramadu hingga 2 Km","2024-02-11","Jembatan Suramadu arah Madura macet hingga kurang lebih 2 kilo meter. Hal ini dikarenakan adanya haul akbar di pondok pesantren (Ponpes) di Jalan Kedinding Lor. Dari video yang beredar di beberapa akun media sosial, tampak kemacetan panjang di ruas roda 4 Jembatan Suramadu arah Madura. Kemacetan terjadi pukul 13.41 WIB sepanjang kurang lebih 2 km, bahkan sebelum Jembatan Suramadu. Dalam video tersebut juga dijelaskan ada banyak bus yang parkir di pinggir jalan menjemput jemaah haul akbar di Jalan Kedinding. Sedangkan untuk ruas roda dua terlihat lancar. 
ADVERTISEMENT
 
SCROLL TO CONTINUE WITH CONTENT
 Kanit PJR 8 Jatim Suramadu AKP Agus Wibowo menyebut, kemacetan itu disebabkan oleh bubaran haul akbar di Jalan Kedinding Lor. Pihak kepolisian juga telah dikerahkan. ""Ada haul akbar di Ponpes Al-Fithrah Kedinding,"" kata AKP Agus saat dihubungi detikJatim, Minggu (11/2/2024) Agus menjelaskan acara haul akbar di Ponpes Al-Fithrah Kedinding sudah berlangsung sejak kemarin Sabtu (10/2). Hari ini kegiatan sudah selesai dan pihak kepolisian mengatur lalu lintas. ""Acaranya sudah dari kemarin dan sore ini tinggal bubaran. Personil dari Polres Tanjung Perak selaku pemangku wilyah sudah di lokasi dari kemarin,"" jelasnya. Sementara Kasat Lantas Polres Tanjung Perak AKP Moch Suud menjelaskan kegiatan haul akbar di Ponpes Al-Fithrah sudah selesai dan bubaran pukul 12.00 WIB. Karena jemaah ada 10 ribu lebih, maka otomatis ketika selesai acara cukup macet. Pada pukul 16.30 WIB, jalan sudah normal dan lancar kembali. Baik dari arah Surabaya ke Madura maupun sebaliknya. ""Kegiatan Sabtu dan Minggu. Minggu jam 12.00 WIB selesai acara, efeknya bubaran, macetnya siang hari. Pukul 16.30 WIB anggota melaporkan sudah clear, arah balik lancar, normal. Kenapa padat? Karena imbas bubaran jemaah, kantung parkir di jalur lambat di Lapangan Tembak Surabaya mereka harus nyebrang ke busnya, lebih dari 10 ribu jemaah nyebrang itu yang jadi hambatan"" jelasnya. Sedangkan untuk parkir bus, Suud menyebut sedang diparkir di jalur lambat. Bus sedang menunggu jemaah yang sudah selesai mengikuti haul akbar. ""Jalan ada jalur lambat dan cepat, bus itu parkir di jalur lambat. Volume menyebrang. Bisa dilaporkan jemaah itu 10 ribu lebih. Kalau bubaran otomatis padat,"" pungkasnya.","https://www.detik.com/jatim/berita/d-7187947/bubaran-haul-akbar-di-surabaya-sempat-macetkan-suramadu-hingga-2-km"
"Dituding Selingkuh, Emak-emak di Malang Tewas Dibunuh Suami","2024-02-12","Seorang ibu rumah tangga (IRT) di Malang, Jawa Timur, Dayang Santi (40) tewas dibunuh suaminya, Ditya Mukhsan Muhammad (40). Dayang Santi dan suaminya kerap cekcok gegara tudingan selingkuh. Dilansir detikJatim, Senin (12/2/2024), Kasat Reskrim Polres Malang AKP Gandha Syah Hidayat menyebut kedua suami istri ini sering cekcok. Keduanya saling menuduh selingkuh. ""Ini sama-sama mencurigai masing-masing memiliki pria idaman lain maupun wanita idaman lain karena memang riwayat dari diari korban ini melambangkan bahwa kurang akur ya,"" kata Gandha kepada wartawan, Senin (12/2). 
ADVERTISEMENT
 
SCROLL TO CONTINUE WITH CONTENT
 Gandha menyebut korban sempat menulis di diarinya jika suaminya hanya bermain handphone saat di rumah. Ditya juga disebut tak pernah mengajak istrinya ngobrol hingga kerap ketahuan membonceng perempuan lain. ""Cekcok-cekcok ini karena sering berantem karena cemburu,"" imbuhnya. Atas perbuatannya, Ditya kini telah ditetapkan sebagai tersangka usai pemeriksaan 12 saksi. Tiga di antaranya merupakan saksi ahli. ""Kami memeriksa total sejumlah 12 orang saksi, yang mana dari 12 orang saksi tersebut 3 diantaranya merupakan saksi ahli. Untuk barang bukti yang kita amankan diantaranya video milik korban serta buku diary, berisi curahan isi hati korban,"" sambungnya. Selain itu, penyidik juga telah memiliki alat bukti yang cukup untuk menetapkan Ditya sebagai tersangka. Alat bukti itu antara lain hasil rekam medis, sejumlah temuan di TKP, dan dilengkapi dengan hasil gelar perkara. ""Ada surat lebih dari satu, ahli pun kita pakai lebih dari 2, kemudian keterangan saksi kita ada 9 kemudian petunjuk pola TKP juga sudah dilakukan. Petunjuk itu bersesuaian antara keterangan saksi, keterangan ahli, barang bukti dan surat itu sendiri yaitu sesuai. Makanya kami tetapkan yang bersangkutan inisial DMM sebagai tersangka pelaku KDRT yang menyebabkan korban meninggal dunia,"" jelas dia. Atas perbuatannya, tersangka dijerat Pasal 44 ayat 1 dan ayat 3 Undang-Undang Nomor 23 Tahun 2004 tentang penghapusan dalam lingkup rumah tangga, dengan ancaman hukuman paling lama 12 tahun penjara. Diberitakan detikJatim sebelumnya, jasad Dayang Santi ditemukan di rumahnya di Perumahan Bumi Mondoroko Raya (BMR) Blok G01, Kecamatan Singosari, Kabupaten Malang, pada Rabu (24/) sekitar pukul 09.00 WIB. Jasad Dayang Santi ditemukan terkapar dengan mulut mengeluarkan busa di lantai kamar. Keterangan tetangga menyebutkan sempat mendengar cekcok. Anak korban Y (6) juga memberikan pengakuan kedua orang tuanya bertengkar dan sempat melihat ayahnya menuangkan cairan pembersih lantai ke dalam gelas. ""Saksi melihat ayahnya meminumkan cairan tersebut kepada korban dengan cara memegang pipi korban,"" ujar Gandha beberapa waktu lalu.","https://www.detik.com/jogja/berita/d-7189095/dituding-selingkuh-emak-emak-di-malang-tewas-dibunuh-suami"
"Profil Adhy Karyono yang Jadi Plh Gubernur Jatim","2024-02-12","Sekdaprov Jatim Adhy Karyono akan menjadi pelaksana harian (Plh) Gubernur Jatim. Berikut ini sekilas mengenai profilnya. Jabatan Gubernur Jatim Khofifah Indar Parawansa akan habis pada 13 Februari 2024. Menurut Khofifah, penunjukan Adhy sebagai Plh karena bersamaan dengan agenda Pemilu 2024. ""Dari Pak Sekjen Kemendagri karena berakhirnya besok, besok lusa itu sudah masuk pada pencoblosan maka (Adhy Karyono) akan diputuskan Plh,"" kata Khofifah di Gedung Negara Grahadi, Senin (12/2/2024). 
ADVERTISEMENT
 
SCROLL TO CONTINUE WITH CONTENT
 Profil Adhy Karyono: Riwayat Pendidikan Adhy Karyono: Karier Adhy Karyono: Adhy Karyono Jadi Sekda Provinsi Jawa Timur pada 2022 Gubernur Khofifah melantik Adhy sebagai Sekda Provinsi Jawa Timur di Gedung Negara Grahadi, Surabaya pada Jumat (15/7/2022). Seperti dikutip situs resmi Pemprov Jatim. Pelantikan itu didasarkan pada Keputusan Presiden RI nomor 79/TPA Tahun 2022 tanggal 24 Juni 2022, tentang Pemberhentian dan Pengangkatan Dari dan Dalam Jabatan Pimpinan Tinggi Madya di Lingkungan Pemerintah Provinsi Jawa Timur. ""Kita harus berlari bersama. Orkestrasi dan varian-varian program juga diperlukan untuk memberikan signifikansi terhadap upaya percepatan peningkatan kesejahteraan masyarakat Jatim,"" ujar Khofifah waktu itu. Tak lupa, Khofifah juga berpesan kepada Sekda Adhy agar menjaga amanah. Kemudian terus membangun sinergi dengan seluruh instansi. ""Selamat bertugas. Jaga amanah. Bangun tanggung jawab dan sinergisitas dengan seluruh instansi strategis di Jatim,"" pesan Khofifah. Hari ini, Adhy diberi amanah yang lebih besar. Ia menjadi Plh Gubernur Jatim.","https://www.detik.com/jatim/berita/d-7189684/profil-adhy-karyono-yang-jadi-plh-gubernur-jatim"
"Asyiknya Belajar soal Capung Beraneka Warna di Wisata Jopuro Banyuwangi","2024-02-12","Penggemar fotografi fauna atau pecinta capung tak perlu risau. Musim hujan saat ini tepat untuk berkunjung ke destinasi wisata Jopuro Banyuwangi. Di Jopuro, wisatawan bisa dimanjakan dengan aneka penampakan capung yang berterbangan di sejumlah titik wisata dengan aliran air jernih dan bersih. Sejumlah bahasa daerah kerap disebut kinjeng, papatong, coblang dan tjapung. Wisata Jopuro adalah kawasan pemandian alami di Dusun Rejopuro, Desa Kampung Anyar, Kecamatan Glagah, cukup ikonik karena memadukan lanskap alami dan buatan. Aliran mata air yang dibendung membentuk kolam-kolam dengan arus yang tenang menjadi sebuah habitat para capung. 
ADVERTISEMENT
 
SCROLL TO CONTINUE WITH CONTENT
 Capung di Wisata Jopuro dengan mudah dapat ditemui. Hal ini menandakan bahwa capung merupakan salah satu hewan yang berperan sebagai bioindikator untuk kualitas lingkungan, utamanya air. Ketua Kelompok Sadar Wisata (Pokdarwis) Jopuro Samian mengungkapkan rasa syukur dengan sering ditemukan capung di berbagai sudut area Wisata Jopuro. ""Seperti yang kita ketahui, capung itu hanya bisa berkembang biak di habitat air yang bersih dan juga bergantung pada ekosistem perairan yang sehat dan rantai makanan yang sehat."" kata Samian, Senin (12/2/2024). Beberapa kali, Samian mengaku mengamati betina capung meletakkan telur-telurnya di permukaan air, dan ada juga yang menaruh dalam tanaman atau lumut air. ""Capung betina meletakkan telur di permukaan air yang tenang dan ada yang di lumut air. Setelah menetas, larva capung menghabiskan waktunya memburu invertebrata atau hewan tanpa tulang belakang alias hewan lunak di dalam air."" ungkap Samian. Tak hanya itu, selain sebagai bioindikator, capung juga sangat berjasa bagi manusia karena telah membantu membasmi serangga seperti jentik-jentik yang berasal dari nyamuk, lalat atau serangga lainnya merupakan mangsa bagi capung. Salah satu wisatawan dari Jakarta Mardhita mengaku tidak rugi datang ke wisata pemandian alami tersebut, ia pun mengaku kerap menemukan Capung aneka warna. ""Iya, bagus ada yang biru, merah itu ada macem-macem terus hitam dan hijau juga ada kuning keemasan. Baru tahu saya capung warna warni,"" katanya kepada detik Jatim. Salah satu wisatawan, Akbar asal Jakarta mengaku sempat mengabadikan sejumlah foto Capung di ponsel pintarnya. ""Saya ambil foto tadi, gak tahu ya, ada capung kok rasanya makin percaya ini tempat wisata airnya pasti bersih. Seger lagi disini,"" terang Akbar. Berbagai jenis capung yang dapat dijumpai di tempat ini. Di antaranya Dragon fly si pemilik warna kuning keemasan, Neurothemis si wara kehitaman dengan semburat sayap keunguan, terminata, damselfly, Chalocholetes viridis dan atrocalopcalopteryx atrata. Jika ingin berkunjung ke tempat ini, pastikan membawa pakaian yang nyaman untuk berendam dan berburu capung dialam terbuka dan berair. Wisata Jopuro ini dibuka mulai pukul 7 pagi hingga 5 sore.","https://www.detik.com/jatim/wisata/d-7188379/asyiknya-belajar-soal-capung-beraneka-warna-di-wisata-jopuro-banyuwangi"
"Kasus Pemerkosaan Turis Wanita di Bali Terjadi Lagi dan Lagi","2024-02-12","Kasus pemerkosaan terhadap turis wanita di Bali terjadi lagi. Kali ini, pelakunya pemandu wisata dan korbannya turis China. Ini adalah kasus kedua yang terjadi di Bali. Masih segar dalam ingatan, beberapa bulan lalu, tepatnya pada bulan Agustus 2023, seorang turis Brasil diperkosa oleh driver ojol di Bali. Peristiwa pemerkosaan itu terjadi di sepetak tanah kosong Jalan Nyang-nyang, Kelurahan Jimbaran, Kecamatan Kuta Selatan, Kabupaten Badung. Peristiwa memilukan itu terjadi pada rentang waktu pukul 04.00 hingga 05.00 Wita, Senin (7/8/2023). 
ADVERTISEMENT
 
SCROLL TO CONTINUE WITH CONTENT
 Pelaku adalah laki-laki berinisial WD asal Kecamatan Bangsalsari, Kabupaten Jember, Jawa Timur (Jatim). Adapun korban pemerkosaan itu yakni turis perempuan asal Brasil berinisial GWL (26). ""Korban merupakan wisatawan asal Brasil yang berlibur ke Bali dan menginap di salah satu vila di daerah Jimbaran,"" ungkap Kepala Bidang Hubungan Masyarakat (Kabid Humas) Polda Bali, Kombes Jansen Avitus Panjaitan. Jansen menjelaskan, GWL memesan ojol dari Puri Kelapa Quest By Bukit Villa dengan tujuan Villa Asri Jimbaran. Pesanan tersebut diambil oleh WD. ""Selama dalam perjalanan korban (GWL) terus diajak mengobrol oleh pelaku sampai tidak memperhatikan map (peta) perjalanan,"" tutur Jansen. Sesampainya di sebuah tanah kosong, WD membelokkan motornya dan menyuruh GWL turun. Pria itu kemudian berupaya memerkosa GWL dan sempat membanting turis asing itu. Bahkan, WD sempat mencekik leher dan menutup mulut GWL. Perempuan berusia 26 tahun itu berupaya melawan dengan cara memukul WD menggunakan botol air mineral. GWL sempat kabur, tapi WD menangkapnya dan kembali membanting tubuh turis Brasil itu. Seusai diperkosa, pria pendatang dari luar Bali itu mengantar GWL pulang ke Villa Asri Jimbaran. 5 Bulan berselang, tepatnya di bulan Februari ini, turis asing kembali diperkosa di Bali. Kali ini, korbannya adalah seorang turis China berinisial HJT. Pelakunya, bukan driver ojol lagi, melainkan seorang pemandu wisata bernama Faisal Akbar Ramadhan, pria pendatang berusia 29 tahun dari Surabaya. Faisal ditangkap di sebuah hotel di kawasan Nusa Dua, Kuta Selatan, Badung, Bali. Fajar diamankan oleh sekuriti hotel dan teman korban setelah ketahuan memperkosa turis perempuan asal China itu. Kasus tersebut kemudian dilaporkan ke polisi. Kepala Seksi Hubungan Masyarakat (Kasi Humas) Polresta Denpasar, AKP I Ketut Sukadi mengatakan, pelaku saat ini sudah diamankan di Sat Reskrim Polresta Denpasar. Saat diinterogasi polisi, pria pendatang itu mengaku menawarkan diri sebagai pemandu wisata, sekaligus sopir pribadi HJT selama liburan di Pulau Dewata. HJT dan temannya pun sepakat menggunakan jasa Faisal untuk mengantarkan dan menemani mereka menuju ke sebuah tempat hiburan malam pada Rabu (7/2/2024). ""Mereka sempat menikmati hiburan dan minum alkohol hingga pukul 01.00 Wita. Setelah itu, korban dan temannya meminta tersangka untuk mengantar mereka kembali ke hotel di kawasan Nusa Dua,"" ungkap Sukadi. Bukannya mengantarkan turis China itu kembali ke hotel tempatnya menginap, Faisal justru membawa mereka ke hotel lain di kawasan Benoa. Faisal lantas mengajak HJT masuk ke kamar hotel tersebut dengan alasan mengambil hadiah untuk temannya. Setelah itu, Faisal kemudian memuaskan nafsu bejatnya dan memerkosa turis China berusia 26 tahun tersebut.  Simak Video 'Ojol Pemerkosa Turis Brasil di Bali Ditangkap di Pasuruan':  [Gambas:Video 20detik]  Saksikan juga SOSOK pilihan minggu ini: Menilik Dapur Musik Vandra  [Gambas:Video 20detik]  ","https://travel.detik.com/travel-news/d-7188122/kasus-pemerkosaan-turis-wanita-di-bali-terjadi-lagi-dan-lagi"
